{"lr": 2.998863636363637e-06, "data_time": 0.00745081901550293, "loss": 3.677633786201477, "loss_cls": 0.6058322764001787, "loss_bbox": 1.2439222186803818, "loss_mask": 1.827879250049591, "time": 0.346024763584137, "epoch": 1, "iter": 20, "memory": 2462, "step": 20}
{"lr": 6.155397727272729e-06, "data_time": 0.004531365633010864, "loss": 3.7319115877151487, "loss_cls": 0.6807841607136652, "loss_bbox": 1.2137329876422882, "loss_mask": 1.8373944073915482, "time": 0.3211237668991089, "epoch": 1, "iter": 40, "memory": 2511, "step": 40}
{"lr": 9.311931818181822e-06, "data_time": 0.0016616582870483398, "loss": 3.9277343702316285, "loss_cls": 0.8226399234868587, "loss_bbox": 1.2233666622638701, "loss_mask": 1.881727774143219, "time": 0.2986782741546631, "epoch": 1, "iter": 60, "memory": 2537, "step": 60}
{"lr": 1.2468465909090916e-05, "data_time": 0.001686253547668457, "loss": 3.9995405149459837, "loss_cls": 0.8790882390737533, "loss_bbox": 1.2252854537963866, "loss_mask": 1.895166826248169, "time": 0.30190425395965576, "epoch": 1, "iter": 80, "memory": 2560, "step": 80}
{"lr": 1.5625000000000014e-05, "data_time": 0.0017739725112915039, "loss": 3.969023766517639, "loss_cls": 0.8704725581407547, "loss_bbox": 1.2202706837654114, "loss_mask": 1.8782805109024048, "time": 0.3125564479827881, "epoch": 1, "iter": 100, "memory": 2595, "step": 100}
{"lr": 1.5625000000000014e-05, "data_time": 0.001710224151611328, "loss": 3.883374662399292, "loss_cls": 0.8782658086717129, "loss_bbox": 1.1669375032186509, "loss_mask": 1.83817134141922, "time": 0.31464476585388185, "epoch": 1, "iter": 120, "memory": 2530, "step": 120}
